source,label,snr_mean,snr_std,snr_max,snr_min,snr_cv,snr_above_threshold,doppler_mean,doppler_std,doppler_rate_mean,doppler_rate_max,doppler_jumps,doppler_jump_rate,tau_mean,tau_std,tau_rate_mean,tau_rate_std,prn_unique_count,prn_dominant,prn_dominant_ratio,power_mean,power_std,power_cv,snr_autocorr_lag1,snr_autocorr_lag10,in_phase_lag_mean,in_phase_lag_std,in_phase_lag_max,phase_jumps,phase_jump_rate,corr_width_mean,corr_width_std,corr_width_cv,spoofing_score
clean,0,9.977930811780698,1.2753508822151987,12.68799414931968,6.846786131504838,0.12781717034051018,0.0,2789.0,471.14647403965574,328.6573146292585,2000,60,12.024048096192384,130.928,197.54364281342998,37.08817635270541,105.72943717188319,3,30,91.8,200.49189393379822,24.59698658286558,0.12268319731164505,0.6672240614418745,0.6423891127945502,37.014,105.62365816425789,312.0,72,14.399999999999999,1.356,0.4870975261690415,0.35921646472643176,0
spoofed,1,12.813646230166775,1.4257050602152859,16.28402912672352,9.57021183278465,0.11126458734741655,5.2,2287.0,1020.8481767628328,717.4348697394789,4000,173,34.66933867735471,436.596,159.3009503549806,101.3006012024048,176.2188735442582,5,30,61.0,322.5780282651968,35.420331556142564,0.10980391859492339,0.7972191040752086,0.729958605408361,101.098,176.04263659693353,412.0,189,37.8,1.448,0.4972886485734417,0.34343138713635474,0
