source,label,snr_mean,snr_std,snr_max,snr_min,snr_cv,snr_above_threshold,doppler_mean,doppler_std,doppler_rate_mean,doppler_rate_max,doppler_jumps,doppler_jump_rate,tau_mean,tau_std,tau_rate_mean,tau_rate_std,prn_unique_count,prn_dominant,prn_dominant_ratio,power_mean,power_std,power_cv,snr_autocorr_lag1,snr_autocorr_lag10,in_phase_lag_mean,in_phase_lag_std,in_phase_lag_max,phase_jumps,phase_jump_rate,corr_width_mean,corr_width_std,corr_width_cv,spoofing_score,classification
clean,0,8.244979180282021,0.34027441147600956,9.180693922373079,7.273967980632265,0.041270499783647774,0.0,-569.8818897637796,5970.855923441037,6982.248520710059,20000,475,93.68836291913215,533.9533858267716,300.83991146107303,248.36118343195264,288.3061847592035,32,22,6.102362204724409,833.7140199638106,38.62474147956484,0.04632852579502194,-0.030381705169922477,-0.05128744472878537,247.87228346456695,288.02243861139414,511.44,507,99.80314960629921,6.363700787401576,2.068749595008969,0.32508593098917216,35,SUSPICIOUS
spoofed,1,8.26758925298054,0.3837139287039125,9.726172821502699,7.251793895425726,0.04641182779678855,0.0,-856.2992125984252,5703.467974319999,6394.4773175542405,19500,468,92.3076923076923,520.8817322834645,299.48649467820246,255.3281262327416,296.3207351880793,32,2,4.921259842519685,775.690635711431,33.25287194878665,0.042868729384993164,0.021298224498434472,-0.030932845011379138,254.82551181102366,296.0306792975589,510.88,507,99.80314960629921,6.326929133858267,2.1585068883614835,0.34116185635940416,35,SUSPICIOUS
